{
  "lr=5e-05_ed=150_sl=10_h=16": {
    "config": {
      "lr": 5e-05,
      "epsilon_decay": 150,
      "seq_len": 10,
      "lstm_hidden": 16
    },
    "seed_profits": [
      -53.32479999999982,
      -95.76580000000007,
      529.4536
    ],
    "median_val_profit": -53.32479999999982
  },
  "lr=5e-05_ed=150_sl=10_h=32": {
    "config": {
      "lr": 5e-05,
      "epsilon_decay": 150,
      "seq_len": 10,
      "lstm_hidden": 32
    },
    "seed_profits": [
      -266.30199999999985,
      -485.14539999999977,
      110.62780000000015
    ],
    "median_val_profit": -266.30199999999985
  },
  "lr=5e-05_ed=150_sl=10_h=48": {
    "config": {
      "lr": 5e-05,
      "epsilon_decay": 150,
      "seq_len": 10,
      "lstm_hidden": 48
    },
    "seed_profits": [
      54.49940000000012,
      485.56200000000024,
      387.9900000000003
    ],
    "median_val_profit": 387.9900000000003
  },
  "lr=5e-05_ed=150_sl=20_h=16": {
    "config": {
      "lr": 5e-05,
      "epsilon_decay": 150,
      "seq_len": 20,
      "lstm_hidden": 16
    },
    "seed_profits": [
      -72.51300000000003,
      -95.76580000000007,
      529.4536
    ],
    "median_val_profit": -72.51300000000003
  },
  "lr=5e-05_ed=150_sl=20_h=32": {
    "config": {
      "lr": 5e-05,
      "epsilon_decay": 150,
      "seq_len": 20,
      "lstm_hidden": 32
    },
    "seed_profits": [
      -266.30199999999985,
      -485.14539999999977,
      110.62780000000015
    ],
    "median_val_profit": -266.30199999999985
  },
  "lr=5e-05_ed=150_sl=20_h=48": {
    "config": {
      "lr": 5e-05,
      "epsilon_decay": 150,
      "seq_len": 20,
      "lstm_hidden": 48
    },
    "seed_profits": [
      -164.74580000000003,
      773.0172000000001,
      387.9900000000003
    ],
    "median_val_profit": 387.9900000000003
  },
  "lr=5e-05_ed=150_sl=40_h=16": {
    "config": {
      "lr": 5e-05,
      "epsilon_decay": 150,
      "seq_len": 40,
      "lstm_hidden": 16
    },
    "seed_profits": [
      -54.92439999999983,
      -95.76580000000007,
      642.7774000000007
    ],
    "median_val_profit": -54.92439999999983
  },
  "lr=5e-05_ed=150_sl=40_h=32": {
    "config": {
      "lr": 5e-05,
      "epsilon_decay": 150,
      "seq_len": 40,
      "lstm_hidden": 32
    },
    "seed_profits": [
      -251.53539999999992,
      -485.14539999999977,
      110.62780000000015
    ],
    "median_val_profit": -251.53539999999992
  },
  "lr=5e-05_ed=150_sl=40_h=48": {
    "config": {
      "lr": 5e-05,
      "epsilon_decay": 150,
      "seq_len": 40,
      "lstm_hidden": 48
    },
    "seed_profits": [
      -221.10479999999993,
      249.93440000000027,
      387.9900000000003
    ],
    "median_val_profit": 249.93440000000027
  },
  "lr=5e-05_ed=300_sl=10_h=16": {
    "config": {
      "lr": 5e-05,
      "epsilon_decay": 300,
      "seq_len": 10,
      "lstm_hidden": 16
    },
    "seed_profits": [
      -13.94219999999985,
      -95.76580000000007,
      529.4536
    ],
    "median_val_profit": -13.94219999999985
  },
  "lr=5e-05_ed=300_sl=10_h=32": {
    "config": {
      "lr": 5e-05,
      "epsilon_decay": 300,
      "seq_len": 10,
      "lstm_hidden": 32
    },
    "seed_profits": [
      -266.30199999999985,
      -485.14539999999977,
      110.62780000000015
    ],
    "median_val_profit": -266.30199999999985
  },
  "lr=5e-05_ed=300_sl=10_h=48": {
    "config": {
      "lr": 5e-05,
      "epsilon_decay": 300,
      "seq_len": 10,
      "lstm_hidden": 48
    },
    "seed_profits": [
      -111.50779999999983,
      667.6738000000003,
      389.5896000000003
    ],
    "median_val_profit": 389.5896000000003
  },
  "lr=5e-05_ed=300_sl=20_h=16": {
    "config": {
      "lr": 5e-05,
      "epsilon_decay": 300,
      "seq_len": 20,
      "lstm_hidden": 16
    },
    "seed_profits": [
      -72.51300000000003,
      -95.76580000000007,
      529.4536
    ],
    "median_val_profit": -72.51300000000003
  },
  "lr=5e-05_ed=300_sl=20_h=32": {
    "config": {
      "lr": 5e-05,
      "epsilon_decay": 300,
      "seq_len": 20,
      "lstm_hidden": 32
    },
    "seed_profits": [
      -266.30199999999985,
      -485.14539999999977,
      110.62780000000015
    ],
    "median_val_profit": -266.30199999999985
  },
  "lr=5e-05_ed=300_sl=20_h=48": {
    "config": {
      "lr": 5e-05,
      "epsilon_decay": 300,
      "seq_len": 20,
      "lstm_hidden": 48
    },
    "seed_profits": [
      -11.507799999999882,
      319.4780000000004,
      387.9900000000003
    ],
    "median_val_profit": 319.4780000000004
  },
  "lr=5e-05_ed=300_sl=40_h=16": {
    "config": {
      "lr": 5e-05,
      "epsilon_decay": 300,
      "seq_len": 40,
      "lstm_hidden": 16
    },
    "seed_profits": [
      -72.51300000000003,
      -95.76580000000007,
      598.2564000000004
    ],
    "median_val_profit": -72.51300000000003
  },
  "lr=5e-05_ed=300_sl=40_h=32": {
    "config": {
      "lr": 5e-05,
      "epsilon_decay": 300,
      "seq_len": 40,
      "lstm_hidden": 32
    },
    "seed_profits": [
      -266.30199999999985,
      -485.14539999999977,
      110.62780000000015
    ],
    "median_val_profit": -266.30199999999985
  },
  "lr=5e-05_ed=300_sl=40_h=48": {
    "config": {
      "lr": 5e-05,
      "epsilon_decay": 300,
      "seq_len": 40,
      "lstm_hidden": 48
    },
    "seed_profits": [
      -18.50559999999981,
      845.5624000000003,
      387.9900000000003
    ],
    "median_val_profit": 387.9900000000003
  },
  "lr=0.0001_ed=150_sl=10_h=16": {
    "config": {
      "lr": 0.0001,
      "epsilon_decay": 150,
      "seq_len": 10,
      "lstm_hidden": 16
    },
    "seed_profits": [
      58.48200000000014,
      -95.76580000000007,
      529.4536
    ],
    "median_val_profit": 58.48200000000014
  },
  "lr=0.0001_ed=150_sl=10_h=32": {
    "config": {
      "lr": 0.0001,
      "epsilon_decay": 150,
      "seq_len": 10,
      "lstm_hidden": 32
    },
    "seed_profits": [
      -87.7508,
      -485.14539999999977,
      72.51260000000016
    ],
    "median_val_profit": -87.7508
  },
  "lr=0.0001_ed=150_sl=10_h=48": {
    "config": {
      "lr": 0.0001,
      "epsilon_decay": 150,
      "seq_len": 10,
      "lstm_hidden": 48
    },
    "seed_profits": [
      312.38519999999994,
      293.66680000000025,
      294.5886000000001
    ],
    "median_val_profit": 294.5886000000001
  },
  "lr=0.0001_ed=150_sl=20_h=16": {
    "config": {
      "lr": 0.0001,
      "epsilon_decay": 150,
      "seq_len": 20,
      "lstm_hidden": 16
    },
    "seed_profits": [
      287.5570000000001,
      -95.76580000000007,
      576.6602000000006
    ],
    "median_val_profit": 287.5570000000001
  },
  "lr=0.0001_ed=150_sl=20_h=32": {
    "config": {
      "lr": 0.0001,
      "epsilon_decay": 150,
      "seq_len": 20,
      "lstm_hidden": 32
    },
    "seed_profits": [
      -266.30199999999985,
      -485.14539999999977,
      30.732800000000104
    ],
    "median_val_profit": -266.30199999999985
  },
  "lr=0.0001_ed=150_sl=20_h=48": {
    "config": {
      "lr": 0.0001,
      "epsilon_decay": 150,
      "seq_len": 20,
      "lstm_hidden": 48
    },
    "seed_profits": [
      342.6708000000001,
      973.8140000000002,
      303.2652000000003
    ],
    "median_val_profit": 342.6708000000001
  },
  "lr=0.0001_ed=150_sl=40_h=16": {
    "config": {
      "lr": 0.0001,
      "epsilon_decay": 150,
      "seq_len": 40,
      "lstm_hidden": 16
    },
    "seed_profits": [
      380.1524000000001,
      -95.76580000000007,
      529.4536
    ],
    "median_val_profit": 380.1524000000001
  },
  "lr=0.0001_ed=150_sl=40_h=32": {
    "config": {
      "lr": 0.0001,
      "epsilon_decay": 150,
      "seq_len": 40,
      "lstm_hidden": 32
    },
    "seed_profits": [
      -87.7508,
      -485.14539999999977,
      72.51260000000016
    ],
    "median_val_profit": -87.7508
  },
  "lr=0.0001_ed=150_sl=40_h=48": {
    "config": {
      "lr": 0.0001,
      "epsilon_decay": 150,
      "seq_len": 40,
      "lstm_hidden": 48
    },