{
  "lr=0.0001_ed=150_sl=10_h=48": {
    "config": {
      "lr": 0.0001,
      "epsilon_decay": 150,
      "seq_len": 10,
      "lstm_hidden": 48
    },
    "seed_profits": [
      578.7392000000001,
      116.33600000000027,
      1049.2649999999999,
      -161.55859999999944,
      758.2672000000002
    ],
    "median_val_profit": 578.7392000000001
  },
  "lr=0.0001_ed=300_sl=10_h=64": {
    "config": {
      "lr": 0.0001,
      "epsilon_decay": 300,
      "seq_len": 10,
      "lstm_hidden": 64
    },
    "seed_profits": [
      1145.5742,
      979.6774000000001,
      592.2546000000004,
      -469.7145999999996,
      455.7232000000004
    ],
    "median_val_profit": 592.2546000000004
  },
  "lr=0.0001_ed=300_sl=10_h=48": {
    "config": {
      "lr": 0.0001,
      "epsilon_decay": 300,
      "seq_len": 10,
      "lstm_hidden": 48
    },
    "seed_profits": [
      517.4538000000007,
      373.5966000000004,
      1150.2648,
      510.64780000000064,
      762.2608
    ],
    "median_val_profit": 517.4538000000007
  },
  "lr=0.0001_ed=150_sl=10_h=96": {
    "config": {
      "lr": 0.0001,
      "epsilon_decay": 150,
      "seq_len": 10,
      "lstm_hidden": 96
    },
    "seed_profits": [
      1035.0115999999991,
      -1176.8623999999995,
      -1145.6565999999998,
      758.2672000000002,
      969.8280000000004
    ],
    "median_val_profit": 758.2672000000002
  },
  "lr=0.0001_ed=150_sl=10_h=128": {
    "config": {
      "lr": 0.0001,
      "epsilon_decay": 150,
      "seq_len": 10,
      "lstm_hidden": 128
    },
    "seed_profits": [
      759.8044000000004,
      1252.8496000000005,
      811.8820000000002,
      544.5544000000008,
      945.4365999999998
    ],
    "median_val_profit": 811.8820000000002
  },
  "lr=0.0001_ed=150_sl=20_h=128": {
    "config": {
      "lr": 0.0001,
      "epsilon_decay": 150,
      "seq_len": 20,
      "lstm_hidden": 128
    },
    "seed_profits": [
      699.4890000000008,
      1220.2138,
      592.9794000000006,
      624.3542000000008,
      909.0672
    ],
    "median_val_profit": 699.4890000000008
  },
  "lr=0.0001_ed=150_sl=20_h=96": {
    "config": {
      "lr": 0.0001,
      "epsilon_decay": 150,
      "seq_len": 20,
      "lstm_hidden": 96
    },
    "seed_profits": [
      1023.5818999999999,
      -1074.1039999999998,
      -771.3969999999998,
      758.2672000000002,
      -877.3353999999999
    ],
    "median_val_profit": -771.3969999999998
  },
  "lr=0.0001_ed=150_sl=20_h=64": {
    "config": {
      "lr": 0.0001,
      "epsilon_decay": 150,
      "seq_len": 20,
      "lstm_hidden": 64
    },
    "seed_profits": [
      1098.636,
      864.2762000000007,
      761.4644000000001,
      -254.96579999999983,
      232.2670000000007
    ],
    "median_val_profit": 761.4644000000001
  },
  "lr=0.0001_ed=150_sl=10_h=64": {
    "config": {
      "lr": 0.0001,
      "epsilon_decay": 150,
      "seq_len": 10,
      "lstm_hidden": 64
    },
    "seed_profits": [
      1098.636,
      993.0267999999999,
      649.9114,
      758.2672000000002,
      896.1902000000002
    ],
    "median_val_profit": 896.1902000000002
  },
  "lr=0.0001_ed=150_sl=20_h=48": {
    "config": {
      "lr": 0.0001,
      "epsilon_decay": 150,
      "seq_len": 20,
      "lstm_hidden": 48
    },
    "seed_profits": [
      573.9540000000003,
      15.376600000000103,
      1150.2648,
      -161.55859999999944,
      767.2618
    ],
    "median_val_profit": 573.9540000000003
  },
  "lr=0.0001_ed=300_sl=20_h=64": {
    "config": {
      "lr": 0.0001,
      "epsilon_decay": 300,
      "seq_len": 20,
      "lstm_hidden": 64
    },
    "seed_profits": [
      1145.5742,
      987.2752000000006,
      592.2546000000004,
      -469.7145999999996,
      500.2652000000005
    ],
    "median_val_profit": 592.2546000000004
  },
  "lr=0.0001_ed=300_sl=10_h=96": {
    "config": {
      "lr": 0.0001,
      "epsilon_decay": 300,
      "seq_len": 10,
      "lstm_hidden": 96
    },
    "seed_profits": [
      712.6490000000002,
      758.2672000000002,
      -889.9711999999993,
      550.2050000000003,
      -877.3353999999999
    ],
    "median_val_profit": 550.2050000000003
  },
  "lr=0.0001_ed=300_sl=10_h=128": {
    "config": {
      "lr": 0.0001,
      "epsilon_decay": 300,
      "seq_len": 10,
      "lstm_hidden": 128
    },
    "seed_profits": [
      916.6504000000003,
      1191.3737999999998,
      558.2006000000007,
      544.7484000000009,
      571.4270000000007
    ],
    "median_val_profit": 571.4270000000007
  },
  "lr=0.0002_ed=150_sl=10_h=48": {
    "config": {
      "lr": 0.0002,
      "epsilon_decay": 150,
      "seq_len": 10,
      "lstm_hidden": 48
    },
    "seed_profits": [
      539.1344000000004,
      1053.8973999999998,
      1045.2657999999997,
      -259.5585999999997,
      758.2672000000002
    ],
    "median_val_profit": 758.2672000000002
  },
  "lr=0.0001_ed=300_sl=20_h=96": {
    "config": {
      "lr": 0.0001,
      "epsilon_decay": 300,
      "seq_len": 20,
      "lstm_hidden": 96
    },
    "seed_profits": [
      939.5462000000002,
      758.2672000000002,
      827.7892,
      763.0558000000001,
      -877.3353999999999
    ],
    "median_val_profit": 763.0558000000001
  },
  "lr=0.0002_ed=150_sl=10_h=64": {
    "config": {
      "lr": 0.0002,
      "epsilon_decay": 150,
      "seq_len": 10,
      "lstm_hidden": 64
    },
    "seed_profits": [
      1149.3778000000002,
      919.5620000000002,
      592.2546000000004,
      758.2672000000002,
      451.5970000000009
    ],
    "median_val_profit": 758.2672000000002
  },
  "lr=0.0001_ed=300_sl=20_h=48": {
    "config": {
      "lr": 0.0001,
      "epsilon_decay": 300,
      "seq_len": 20,
      "lstm_hidden": 48
    },
    "seed_profits": [
      772.2816,
      1062.6319999999996,
      1055.2638000000002,
      508.6506000000006,
      762.2608
    ],
    "median_val_profit": 772.2816
  },
  "lr=0.0001_ed=300_sl=20_h=128": {
    "config": {
      "lr": 0.0001,
      "epsilon_decay": 300,
      "seq_len": 20,
      "lstm_hidden": 128
    },
    "seed_profits": [
      756.1500000000004,
      1374.5346000000006,
      289.5346000000008,
      758.2672000000002,
      1011.2093999999997
    ],
    "median_val_profit": 758.2672000000002
  }
}